"Dimension","Program","Gene","Weight","Program_specificity","Context_dependence"
"Identity","Core","CD68",2,"Medium","Medium"
"Identity","Core","CSF1R",3,"High","Low"
"Identity","Core","FCGR1A",3,"High","Medium"
"Identity","Core","ADGRE1",2,"High","High"
"Identity","Core","CD14",1,"Low","High"
"Lineage","Monocyte-associated","CCR2",3,"High","Medium"
"Lineage","Monocyte-associated","LY6C2",2,"High","High"
"Lineage","Monocyte-associated","CX3CR1",1,"Medium","High"
"Lineage","Monocyte-associated","S100A8",2,"Medium","High"
"Lineage","Monocyte-associated","S100A9",2,"Medium","High"
"Lineage","Resident-associated","TIMD4",3,"High","Medium"
"Lineage","Resident-associated","LYVE1",2,"Medium","Medium"
"Lineage","Resident-associated","FOLR2",2,"High","Medium"
"Lineage","Resident-associated","MERTK",1,"Medium","High"
"Functional State","Inflammatory","NOS2",1,"Medium","High"
"Functional State","Inflammatory","TNF",2,"High","Medium"
"Functional State","Inflammatory","IL1B",2,"High","Medium"
"Functional State","Repair-associated","ARG1",1,"Medium","High"
"Functional State","Repair-associated","MRC1",2,"High","Medium"
"Functional State","Repair-associated","CD163",2,"High","High"
"Functional State","Lipid-associated","TREM2",3,"High","Medium"
"Functional State","Lipid-associated","APOE",2,"Medium","Medium"
"Functional State","Lipid-associated","LPL",1,"Medium","High"
"Functional State","ECM-remodeling","SPP1",3,"High","High"
"Functional State","ECM-remodeling","CD44",1,"Medium","High"
"Functional State","ECM-remodeling","MMP9",2,"Medium","High"
"Functional State","ECM-remodeling","FN1",2,"Medium","High"
"Functional State","IFN-responsive","CXCL10",2,"High","Medium"
"Functional State","IFN-responsive","IFIT1",2,"Low-Medium","Low-Medium"
